blog_name,url,feed_url,category,priority,active,description,tags
"블로그 이름","https://example.com","https://example.com/feed","ml","high","true","블로그 설명","tag1,tag2,tag3"
https://blog.naver.com/hodolry
https://blog.naver.com/bsspro
https://blog.naver.com/jakojako
https://blog.naver.com/kukuri923
https://blog.naver.com/withjoy79/
https://brunch.co.kr/@kimmh12728xrf/43
https://blog.naver.com/usforall
https://brunch.co.kr/@jason545/
https://blog.naver.com/goforsweet/
https://blog.naver.com/ranto28
https://brunch.co.kr/@leesol/

